[
  {
    "Id": "P1",
    "StreetName": "Ataturk prospekti",
    "ParkingPin": "10267",
    "Price": 0.7,
    "Distance": 2.65,
    "_Coordinate": {
      "Id": "C1",
      "Lang": 40.402135,
      "Long": 49.851250
    },
    "AvailablePlaces": 11,
    "Capacity": 17
  },
  {
    "Id": "P2",
    "StreetName": "Xatai Prospekti",
    "ParkingPin": "10280",
    "Price": 0.7,
    "Distance": 3.43,
    "_Coordinate": {
      "Id": "C1",
      "Lang": 40.388092,
      "Long": 49.857777
    },
    "AvailablePlaces": 5,
    "Capacity": 8
  },
  {
    "Id": "P3",
    "StreetName": "28 may",
    "ParkingPin": "90183",
    "Price": 1,
    "Distance": 4.45,
    "_Coordinate": {
      "Id": "C1",
      "Lang": 40.376260,
      "Long": 49.846648
    },
    "AvailablePlaces": 5,
    "Capacity": 20
  }
]
